{
  "warn_J_RD": 631.1781566888915,
  "block_J_RD": 775.3681286773117,
  "memory_J_RD": 311.359702230215,
  "block_delta_phi": 0.5136913202702995,
  "block_code_drift": 0.41508151367306695
}