{
  "warn_J_RD": 374.74461771811553,
  "block_J_RD": 440.26252353060977,
  "memory_J_RD": 192.81295395718513,
  "block_delta_phi": 0.590714155137538,
  "block_code_drift": 0.5391708783805362
}