{
  "warn_J_RD": 842.8557700435518,
  "block_J_RD": 949.8798875581828,
  "memory_J_RD": 413.77464829374463,
  "block_delta_phi": 0.2874952830374242,
  "block_code_drift": 0.47800697535276415
}