{
  "warn_J_RD": 459.5246221325919,
  "block_J_RD": 565.7692164243122,
  "memory_J_RD": 207.788551687628,
  "block_delta_phi": 0.6309266090393056,
  "block_code_drift": 0.34186964035034156
}