{
  "warn_J_RD": 1435.2866159632058,
  "block_J_RD": 2541.5717751386646,
  "memory_J_RD": 973.6279505896717,
  "block_delta_phi": 0.9806493937969207,
  "block_code_drift": 0.5222220197319977
}