{
  "schema": "TESSERA-synthetic-diagnostic-certificate-v0.2",
  "system": "Tessera",
  "version": "engine-v0.2-diagnostic",
  "run_id": "tessera_run_20260619_120455",
  "dataset_manifest_hash": "767aa8cd80873bb86950ea0828eb3dd20a2b3794bdc0781979b69e60597ca1ce",
  "graph": {
    "topology": "q4",
    "nodes": 16,
    "normalization": "row",
    "spectral_radius": 1.0,
    "damping_alpha": 0.618,
    "stability_margin_alpha_rho": 0.618,
    "stability_condition_alpha_rho_lt_1": true
  },
  "codec": {
    "encoder": "torch_small_mlp",
    "decoder": "torch_small_mlp",
    "predictor": "ewma_anchor_plus_sparse_neural_innovation",
    "training_objective": "sequence_smooth_l1_with_correction_regularization",
    "prediction_correction": "bounded_tanh_innovation",
    "validation_selected_correction_gain": 0.25,
    "level_alpha": 0.2,
    "gradient_clip_norm": 1.0,
    "field_dim": 16,
    "code_dim": 8,
    "training_epochs": 20,
    "live_repair_enabled": false,
    "shadow_repair_required": true,
    "parameter_count": 2069,
    "training_latency_ms": 653.6541000095895,
    "seed": 41
  },
  "metrics": {
    "mean_J_RD": 506.51595071692185,
    "mean_anomaly_score": 9.890999539189549,
    "mean_delta_phi": 0.1590614505716926,
    "warn_rate": 0.7272727272727273,
    "block_rate": 0.6233766233766234,
    "memory_candidate_rate": 0.2727272727272727,
    "replay_pass_rate": 0.5846153846153846,
    "false_memory_rate": 0.0,
    "auc": 0.7844444444444445,
    "f1_warn": 0.6265060240963856,
    "precision_warn": 0.4642857142857143,
    "recall_warn": 0.9629629629629629,
    "false_memory_candidate_rate": 0.037037037037037035,
    "memory_selectivity": 0.4,
    "block_false_positive": 0.48,
    "missed_warning": 0.037037037037037035,
    "governance_harm": 0.17911111111111108,
    "mean_prediction_loss": 115.09393644313533,
    "code_dim": 8,
    "field_dim": 16,
    "topology": "q4",
    "replay_false_memory_rate": 0.0,
    "anomaly_ablation": {
      "prediction_loss": 0.7318518518518519,
      "reconstruction_loss": 0.5,
      "delta_phi": 0.6888888888888889,
      "code_drift": 0.782962962962963,
      "rate": 0.8348148148148148,
      "combined_multiscale": 0.7844444444444445
    },
    "best_baseline_prediction_loss": 115.08956146240234,
    "baseline_gap": -0.004374980732990252
  },
  "baselines": [
    {
      "model": "persistence",
      "mean_prediction_loss": 174.1857452392578,
      "mean_reconstruction_loss": 0.0
    },
    {
      "model": "pca_codec",
      "mean_prediction_loss": 194.69227600097656,
      "mean_reconstruction_loss": 2.8320762401889965e-11
    },
    {
      "model": "random_projection",
      "mean_prediction_loss": 218.23277282714844,
      "mean_reconstruction_loss": 49.804847717285156
    },
    {
      "model": "ewma",
      "mean_prediction_loss": 115.08956146240234,
      "mean_reconstruction_loss": 0.0
    },
    {
      "model": "dense_autoencoder",
      "mean_prediction_loss": 390.21771240234375,
      "mean_reconstruction_loss": 386.67840576171875,
      "parameter_count": 494
    },
    {
      "model": "reservoir_esn",
      "mean_prediction_loss": 377.78059691577863,
      "mean_reconstruction_loss": 0.0,
      "parameter_count": 1408
    },
    {
      "model": "matrix_profile_neighbor",
      "mean_prediction_loss": 387.4097900390625,
      "mean_reconstruction_loss": 0.0
    }
  ],
  "wound_count": 34,
  "claim_ceiling": "diagnostic",
  "transfer_level": "T0_synthetic",
  "real_telemetry_transfer": false,
  "baseline_parity_tolerance_fraction": 0.001,
  "phase_1_run_supported": false,
  "non_claim_locks": {
    "synthetic_success_is_not_transfer": true,
    "low_loss_is_not_truth": true,
    "memory_is_certified_compression": true,
    "repair_requires_shadow_testing": true
  },
  "certificate_hash": "a14ab37bd74481d6cf2aa483d04dcc0ce9a59670135e6adaced87c002d118fa6"
}