{
  "warn_J_RD": 357.5598901595251,
  "block_J_RD": 462.8718225426093,
  "memory_J_RD": 168.82742292582986,
  "block_delta_phi": 0.3867124982178197,
  "block_code_drift": 0.4741421431303008
}