{
  "schema": "TESSERA-synthetic-diagnostic-certificate-v0.2",
  "system": "Tessera",
  "version": "engine-v0.2-diagnostic",
  "run_id": "tessera_run_20260619_121552",
  "dataset_manifest_hash": "641fb675556197d3ebfa593f7e4ec6e6062717d2aebad5735878959a98857b84",
  "graph": {
    "topology": "q4",
    "nodes": 16,
    "normalization": "row",
    "spectral_radius": 1.0,
    "damping_alpha": 0.618,
    "stability_margin_alpha_rho": 0.618,
    "stability_condition_alpha_rho_lt_1": true
  },
  "codec": {
    "encoder": "torch_small_mlp",
    "decoder": "torch_small_mlp",
    "predictor": "ewma_anchor_plus_sparse_neural_innovation",
    "training_objective": "sequence_smooth_l1_with_correction_regularization",
    "prediction_correction": "bounded_tanh_innovation",
    "validation_selected_correction_gain": 0.25,
    "level_alpha": 0.2,
    "gradient_clip_norm": 1.0,
    "field_dim": 16,
    "code_dim": 8,
    "training_epochs": 20,
    "live_repair_enabled": false,
    "shadow_repair_required": true,
    "parameter_count": 2069,
    "training_latency_ms": 710.044099992956,
    "seed": 53
  },
  "metrics": {
    "mean_J_RD": 365.73567961444496,
    "mean_anomaly_score": 9.431731607185,
    "mean_delta_phi": 0.13726772009334587,
    "warn_rate": 0.6883116883116883,
    "block_rate": 0.5584415584415584,
    "memory_candidate_rate": 0.3116883116883117,
    "replay_pass_rate": 0.82,
    "false_memory_rate": 0.037037037037037035,
    "auc": 0.8422222222222222,
    "f1_warn": 0.65,
    "precision_warn": 0.49056603773584906,
    "recall_warn": 0.9629629629629629,
    "false_memory_candidate_rate": 0.037037037037037035,
    "memory_selectivity": 0.422962962962963,
    "block_false_positive": 0.38,
    "missed_warning": 0.037037037037037035,
    "governance_harm": 0.15707407407407403,
    "mean_prediction_loss": 78.37565490293812,
    "code_dim": 8,
    "field_dim": 16,
    "topology": "q4",
    "replay_false_memory_rate": 0.06666666666666667,
    "anomaly_ablation": {
      "prediction_loss": 0.8014814814814815,
      "reconstruction_loss": 0.5,
      "delta_phi": 0.7251851851851852,
      "code_drift": 0.7644444444444444,
      "rate": 0.8533333333333333,
      "combined_multiscale": 0.8422222222222222
    },
    "best_baseline_prediction_loss": 78.37889099121094,
    "baseline_gap": 0.003236088272814186
  },
  "baselines": [
    {
      "model": "persistence",
      "mean_prediction_loss": 102.77293395996094,
      "mean_reconstruction_loss": 0.0
    },
    {
      "model": "pca_codec",
      "mean_prediction_loss": 309.5216064453125,
      "mean_reconstruction_loss": 4.2617798179378497e-11
    },
    {
      "model": "random_projection",
      "mean_prediction_loss": 312.63470458984375,
      "mean_reconstruction_loss": 12.605525970458984
    },
    {
      "model": "ewma",
      "mean_prediction_loss": 78.37889099121094,
      "mean_reconstruction_loss": 0.0
    },
    {
      "model": "dense_autoencoder",
      "mean_prediction_loss": 281.03387451171875,
      "mean_reconstruction_loss": 280.0171813964844,
      "parameter_count": 494
    },
    {
      "model": "reservoir_esn",
      "mean_prediction_loss": 291.98420706890676,
      "mean_reconstruction_loss": 0.0,
      "parameter_count": 1408
    },
    {
      "model": "matrix_profile_neighbor",
      "mean_prediction_loss": 288.9347839355469,
      "mean_reconstruction_loss": 0.0
    }
  ],
  "wound_count": 30,
  "claim_ceiling": "synthetic_phase_1_run_supported",
  "transfer_level": "T0_synthetic",
  "real_telemetry_transfer": false,
  "baseline_parity_tolerance_fraction": 0.001,
  "phase_1_run_supported": true,
  "non_claim_locks": {
    "synthetic_success_is_not_transfer": true,
    "low_loss_is_not_truth": true,
    "memory_is_certified_compression": true,
    "repair_requires_shadow_testing": true
  },
  "certificate_hash": "a9b2a082cc4712ae3f97784bad0671e64f777d1c0fd6f2baef0c54d0641d2dbc"
}