{
  "warn_J_RD": 1150.1385614011213,
  "block_J_RD": 1236.9476142626422,
  "memory_J_RD": 580.6739944272264,
  "block_delta_phi": 0.7547876819968221,
  "block_code_drift": 0.33819300234317734
}