model,mean_prediction_loss,mean_reconstruction_loss,parameter_count
persistence,102.77293395996094,0.0,
pca_codec,309.5216064453125,4.2617798179378497e-11,
random_projection,312.63470458984375,12.605525970458984,
ewma,78.37889099121094,0.0,
dense_autoencoder,281.03387451171875,280.0171813964844,494.0
reservoir_esn,291.98420706890676,0.0,1408.0
matrix_profile_neighbor,288.9347839355469,0.0,
