model,mean_prediction_loss,mean_reconstruction_loss,parameter_count
persistence,174.1857452392578,0.0,
pca_codec,194.69227600097656,2.8320762401889965e-11,
random_projection,218.23277282714844,49.804847717285156,
ewma,115.08956146240234,0.0,
dense_autoencoder,390.21771240234375,386.67840576171875,494.0
reservoir_esn,377.78059691577863,0.0,1408.0
matrix_profile_neighbor,387.4097900390625,0.0,
