{
  "warn_J_RD": 403.07564580465106,
  "block_J_RD": 489.7098289166128,
  "memory_J_RD": 192.12031922838838,
  "block_delta_phi": 0.5732296109199517,
  "block_code_drift": 0.774140253663062
}