model,mean_prediction_loss,mean_reconstruction_loss,parameter_count
persistence,112.1211166381836,0.0,
pca_codec,334.8507385253906,1.7584930039893365e-11,
random_projection,272.5636901855469,61.166378021240234,
ewma,78.78077697753906,0.0,
dense_autoencoder,260.0291442871094,257.6998596191406,494.0
reservoir_esn,390.24041733619316,0.0,1408.0
matrix_profile_neighbor,272.59661865234375,0.0,
