{
  "prediction_loss": 1.0,
  "reconstruction_loss": 0.5,
  "delta_phi": 0.49450549450549447,
  "code_drift": 0.7802197802197802,
  "rate": 0.5164835164835164,
  "combined_multiscale": 1.0
}