{
  "warn_J_RD": 1435.2866159686482,
  "block_J_RD": 2541.5717751518378,
  "memory_J_RD": 973.6279505804032,
  "block_delta_phi": 0.9806494399905205,
  "block_code_drift": 0.522221986949443
}