{
  "warn_J_RD": 730.4913818809987,
  "block_J_RD": 857.6735481482334,
  "memory_J_RD": 407.13137132181225,
  "block_delta_phi": 0.8504527732729917,
  "block_code_drift": 0.4944944642484188
}