{
  "schema": "TESSERA-synthetic-diagnostic-certificate-v0.2",
  "system": "Tessera",
  "version": "engine-v0.2-diagnostic",
  "run_id": "tessera_run_20260619_120452",
  "dataset_manifest_hash": "14c286c587a50163605bf41b2dd2d427649ba147224022d4f8852d6610d2f586",
  "graph": {
    "topology": "q4",
    "nodes": 16,
    "normalization": "row",
    "spectral_radius": 1.0,
    "damping_alpha": 0.618,
    "stability_margin_alpha_rho": 0.618,
    "stability_condition_alpha_rho_lt_1": true
  },
  "codec": {
    "encoder": "torch_small_mlp",
    "decoder": "torch_small_mlp",
    "predictor": "ewma_anchor_plus_sparse_neural_innovation",
    "training_objective": "sequence_smooth_l1_with_correction_regularization",
    "prediction_correction": "bounded_tanh_innovation",
    "validation_selected_correction_gain": 0.0,
    "level_alpha": 0.2,
    "gradient_clip_norm": 1.0,
    "field_dim": 16,
    "code_dim": 8,
    "training_epochs": 20,
    "live_repair_enabled": false,
    "shadow_repair_required": true,
    "parameter_count": 2069,
    "training_latency_ms": 755.8800999977393,
    "seed": 23
  },
  "metrics": {
    "mean_J_RD": 388.7290605677795,
    "mean_anomaly_score": 9.878371540916255,
    "mean_delta_phi": 0.16771021036600525,
    "warn_rate": 0.6103896103896104,
    "block_rate": 0.4805194805194805,
    "memory_candidate_rate": 0.38961038961038963,
    "replay_pass_rate": 0.6923076923076923,
    "false_memory_rate": 0.0,
    "auc": 0.8022222222222222,
    "f1_warn": 0.6486486486486487,
    "precision_warn": 0.5106382978723404,
    "recall_warn": 0.8888888888888888,
    "false_memory_candidate_rate": 0.1111111111111111,
    "memory_selectivity": 0.54,
    "block_false_positive": 0.32,
    "missed_warning": 0.1111111111111111,
    "governance_harm": 0.14533333333333331,
    "mean_prediction_loss": 100.06898159514387,
    "code_dim": 8,
    "field_dim": 16,
    "topology": "q4",
    "replay_false_memory_rate": 0.0,
    "anomaly_ablation": {
      "prediction_loss": 0.7496296296296296,
      "reconstruction_loss": 0.48148148148148145,
      "delta_phi": 0.7518518518518519,
      "code_drift": 0.712962962962963,
      "rate": 0.9259259259259259,
      "combined_multiscale": 0.8022222222222222
    },
    "best_baseline_prediction_loss": 100.06897735595703,
    "baseline_gap": -4.239186836230147e-06
  },
  "baselines": [
    {
      "model": "persistence",
      "mean_prediction_loss": 179.35760498046875,
      "mean_reconstruction_loss": 0.0
    },
    {
      "model": "pca_codec",
      "mean_prediction_loss": 315.8506164550781,
      "mean_reconstruction_loss": 1.250125437196603e-11
    },
    {
      "model": "random_projection",
      "mean_prediction_loss": 327.3168640136719,
      "mean_reconstruction_loss": 43.072593688964844
    },
    {
      "model": "ewma",
      "mean_prediction_loss": 100.06897735595703,
      "mean_reconstruction_loss": 0.0
    },
    {
      "model": "dense_autoencoder",
      "mean_prediction_loss": 278.90435791015625,
      "mean_reconstruction_loss": 275.320556640625,
      "parameter_count": 494
    },
    {
      "model": "reservoir_esn",
      "mean_prediction_loss": 395.3641594490207,
      "mean_reconstruction_loss": 0.0,
      "parameter_count": 1408
    },
    {
      "model": "matrix_profile_neighbor",
      "mean_prediction_loss": 287.7799072265625,
      "mean_reconstruction_loss": 0.0
    }
  ],
  "wound_count": 35,
  "claim_ceiling": "synthetic_phase_1_run_supported",
  "transfer_level": "T0_synthetic",
  "real_telemetry_transfer": false,
  "baseline_parity_tolerance_fraction": 0.001,
  "phase_1_run_supported": true,
  "non_claim_locks": {
    "synthetic_success_is_not_transfer": true,
    "low_loss_is_not_truth": true,
    "memory_is_certified_compression": true,
    "repair_requires_shadow_testing": true
  },
  "certificate_hash": "4f6a28ff2295e5bc51c18b6e79f92dfdcd902cbeccea05576a42c55f0623525b"
}